14,abbzha01
1,admin
15,administrator
16,alimou01
17,amyqi01
18,annche01
19,artzho01
20,awu
21,benson01
22,binche01
23,bobpen01
24,bopan01
25,cenche01
4,Chad
27,chama01
2,Chen Cen
28,cinye01
29,clivxu01
30,clixu01
31,cooyua01
32,d3d 
33,d3d-jefyang
34,danxue01
35,darma01
36,davche01
37,davxia01
38,davxu01
39,daxwan01
40,diliu01
41,emmma01
42,eriche02
43,esp
44,espen
45,evagu01
10,evepan01
46,evepan01
47,fanbao01
48,feiyan01
49,fenwan01
50,figyao01
51,flofen01
52,flogui01
53,floydfeng
54,fralei01
55,frali01
56,frayan01
57,free
58,free64
59,freyu01
60,gansu01
61,garwan01
62,geowan01
63,guowu01
64,haizha01
65,halwan01
66,haoliu01
67,heahao01
68,healia01
69,hidzuo01
70,hopzha01
71,huashi01
72,jaywu01
73,jefyan01
74,jendu01
75,jennydu
3,Jeremy
76,jerguo01
77,jerli01
78,jesyan01
79,jialiu01
80,jimhe01
81,jinwan01
82,joexu01
83,joeye01
84,johwan01
9,Jonathan
85,joncha01
86,joyceliu
87,joyliu01
88,juatan01
89,julyin01
90,jun
91,junxu01
92,kai
93,kaiqia01
94,kevqin01
95,kphua
96,kuizhe01
97,lab1
98,lab2
99,lab3
100,lab4
101,lab5
102,lab6
103,lab7
104,lab8
105,lauli01
106,lchang
107,leowan02
108,leozou01
109,li
110,liazha01
111,liazha02
112,lifgen01
113,lihu01
114,limxu01
8,lisliu01
115,lisliu01
116,lizha01
117,lonqi01
118,lufyua01
119,mali400
120,marli01
121,marwan01
122,marxu01
123,merliu01
124,mintu01
125,nanjia01
126,nanwan01 
127,nathanli
128,natli01
11,nicdon01
129,nicdon01
130,nicsun01
131,niczha01
132,ninjia01
133,ninshi01
134,olihan01
135,olisun01
136,pangao01
137,panhua01
138,penche01
139,petyu01
140,phiwan01
141,qiaji01
142,qiawan01
143,rafwu01
144,ramlu01
145,rayyao01
146,ri woa
147,riczhu01
148,ritxu01
149,robkon01
150,robshe01
151,robwan01
152,rockyshi
153,roczha01
154,royhu01
155,saiwu01
156,scofan01
157,senran01
158,sevenli
7,SH-IT-storage
159,shadu01
160,shexie01
161,shexu01
162,shezha01
163,shilei01
164,shizhu01
165,simsun01
166,simzha01
167,sliu
168,sopni01
169,stahua01
170,stanley wang
171,sunny
172,sunsun02
173,swliu
174,taoqin01
175,ted64
176,tedqin01
177,terguo01
13,testes01
178,thopre01
179,thosun01
180,tonliu01
181,viczho01
182,vincent zhang
183,vinzha01
184,wenshe02
185,wenwei01
186,wilwan02
187,winche01
188,xiazho01
189,xinfen01
190,xinwan01
191,xuepan01
192,xusheng
193,yanhua01
194,yanyan01
195,yanzha01
196,yunzha01
197,yupluo01
198,zenxiu01
199,zephe01
200,zerche01
201,zerochen
202,zhaoliang
203,zhawan01
204,zheche01
205,zhexu01
206,zhezha01
6,zhoguo01
208,zhoyao01
209,zhuliu01